city,name,type,capacity
taipei,臺北市立螢橋國民中學,學校,52
taipei,臺北市立大學附設實驗國民小學,學校,157
taipei,臺北市立弘道國民中學,學校,130
taipei,二二八和平公園,公園/綠地,5424
taipei,臺北市中正運動中心,體育場館/運動中心,250
taipei,臺北市立中正國民中學,學校,300
taipei,臺北市立第一女子高級中學,學校,60
taipei,臺北市立古亭國民中學,學校,60
taipei,臺北市立成功高級中學,學校,31
taipei,臺北市中正區忠孝國民小學,學校,30
taipei,臺北市中正區東門國民小學,學校,100
taipei,臺北市中正區河堤國民小學,學校,72
taipei,臺北市中正區南門國民小學,學校,30
taipei,臺北市立南門國民中學,學校,151
taipei,臺北市立建國高級中學,學校,300
taipei,臺北市國語實驗國民小學,學校,49
taipei,臺北市中正區螢橋國民小學,學校,303
taipei,中正紀念堂站,捷運站體,1974
taipei,古亭站,捷運站體,1828
taipei,台大醫院站,捷運站體,1044
taipei,臺北市市場處光華數位新天地商場地下停車場,市場/停車場,375
taipei,西門站,捷運站體,2974
taipei,臺北市忠義實驗國民小學,學校,50
taipei,臺北市立圖書館王貫英紀念館,圖書館,256
taipei,臺北市立圖書館城中分館,圖書館,30
taipei,臺北市大同區延平國小,學校,88
taipei,臺北市立重慶國民中學,學校,50
taipei,臺北市立忠孝國民中學,學校,131
taipei,臺北市立建成國民中學,學校,119
taipei,玉泉公園,公園/綠地,1993
taipei,臺北市大同運動中心,體育場館/運動中心,300
taipei,臺北市大同區大同國民小學,學校,40
taipei,臺北市大同區大橋國民小學,學校,196
taipei,臺北市大同區大龍國民小學,學校,208
taipei,臺北市大同區太平國民小學,學校,123
taipei,臺北市大同區日新國民小學,學校,137
taipei,臺北市立民權國民中學,學校,30
taipei,臺北市大同區永樂國民小學,學校,304
taipei,臺北市立成淵高級中學,學校,487
taipei,臺北市大同區明倫高級中學,學校,70
taipei,臺北市大同區蓬萊國民小學,學校,104
taipei,臺北市大同區雙蓮國民小學,學校,300
taipei,臺北市立蘭州國民中學,學校,34
taipei,大同251號綠地,公園/綠地,152
taipei,建成公園,公園/綠地,923
taipei,臺北市市場處大龍市場地下停車場,市場/停車場,2356
taipei,國慶區活動中心,活動中心,58
taipei,臺北市立圖書館大同分館,圖書館,138
taipei,臺北市立圖書館延平分館,圖書館,32
taipei,臺北市立圖書館建成分館,圖書館,38
taipei,臺北轉運站,捷運站體,1125
taipei,臺北市立新興國民中學,學校,156
taipei,臺北市立五常國民中學,學校,247
taipei,臺北市中山區中山國民小學,學校,216
taipei,榮星花園公園,公園/綠地,3464
taipei,臺北市中山區行政中心大禮堂,活動中心,84
taipei,臺北市中山運動中心,體育場館/運動中心,184
taipei,新生公園棒球場,體育場館/運動中心,60
taipei,臺北市立大同高級中學,學校,300
taipei,臺北市中山區大佳國民小學,學校,30
taipei,臺北市立大直高級中學,學校,300
taipei,臺北市中山區大直國民小學,學校,263
taipei,臺北市中山區中正國民小學,學校,250
taipei,臺北市立五常國民小學,學校,372
taipei,臺北市中山區北安國民中學,學校,30
taipei,臺北市中山區永安國民小學,學校,1653
taipei,臺北市中山區吉林國民小學,學校,313
taipei,臺北市中山區長安國民小學,學校,600
taipei,臺北市立長安國民中學,學校,41
taipei,臺北市中山區長春國民小學,學校,47
taipei,臺北市中山區濱江國民小學,學校,114
taipei,臺北市濱江實驗國民中學,學校,100
taipei,臺北市中山區懷生國民小學,學校,30
taipei,"下塔悠
(公7)公園",公園/綠地,2105
taipei,華山公園,公園/綠地,1271
taipei,金泰(公8)公園,公園/綠地,3500
taipei,明水公園,公園/綠地,868
taipei,中山地下街,捷運站體,3674
taipei,臺北市立中山女子高級中學,學校,135
taipei,臺北市市場處臺北市民族魚市,市場/停車場,950
taipei,松江南京站,捷運站體,1963
taipei,"花博公園
圓山園區",公園/綠地,13517
taipei,臺北市市場處長春市場地下停車場,市場/停車場,200
taipei,臺北市立美術館,藝術中心,366
taipei,臺北市立圖書館大直分館,圖書館,180
taipei,臺北市立圖書館中山分館,圖書館,46
taipei,臺北市立圖書館長安分館,圖書館,49
taipei,臺北市市場處臺北市第二果菜市場,市場/停車場,5063
taipei,臺北市立民生國民中學,學校,161
taipei,臺北市松山區三民國民小學,學校,140
taipei,臺北市立敦化國民中學,學校,253
taipei,臺北市松山區民生國民小學,學校,126
taipei,民權公園,公園/綠地,2465
taipei,臺北市松山運動中心,體育場館/運動中心,180
taipei,臺北田徑場,體育場館/運動中心,440
taipei,臺北體育館,體育場館/運動中心,1000
taipei,臺北市立中山國民中學,學校,278
taipei,臺北市立中崙高級中學,學校,300
taipei,臺北市立圖書館民生分館,圖書館,50
taipei,臺北市立介壽國民中學,學校,144
taipei,臺北市松山區民族國民小學,學校,40
taipei,臺北市立西松高級中學,學校,300
taipei,臺北市松山區西松國民小學,學校,47
taipei,臺北市松山區松山國民小學,學校,95
taipei,臺北市松山區健康國民小學,學校,150
taipei,敦化國小,學校,56
taipei,臺北市松山區民權國民小學,學校,80
taipei,中正區民活動中心,活動中心,112
taipei,民有區民活動中心,活動中心,196
taipei,自強區民活動中心,活動中心,68
taipei,慈祐區民活動中心,活動中心,55
taipei,鵬程區民活動中心,活動中心,161
taipei,南京復興站,捷運站體,1270
taipei,臺北市市場處嘟嘟房敦北頂好站停車場,市場/停車場,253
taipei,臺北市立圖書館三民分館,圖書館,70
taipei,臺北市立圖書館中崙分館,圖書館,37
taipei,臺北市立圖書館松山分館(暫停用),圖書館,0
taipei,臺北市立圖書館啟明分館,圖書館,100
taipei,臺北市市場處龍城市場地下停車場,市場/停車場,879
taipei,民生公園,公園/綠地,1554
taipei,臺北市民族實驗國中,學校,139
taipei,臺北市大安區大安國民小學,學校,152
taipei,臺北市立龍門國民中學,學校,319
taipei,臺北市大安區幸安國民小學,學校,183
taipei,大安森林公園,公園/綠地,37949
taipei,臺北市大安運動中心,體育場館/運動中心,389
taipei,臺北市立大安高級工業職業學校,學校,100
taipei,"
臺北市立大安國民中學",學校,100
taipei,臺北市大安區仁愛國民小學,學校,350
taipei,臺北市立仁愛國民中學,學校,125
taipei,臺北市大安區公館國民小學,學校,50
taipei,臺北市大安區古亭國民小學,學校,200
taipei,臺北市立和平高級中學,學校,300
taipei,臺北市芳和實驗中學,學校,50
taipei,"
臺北市大安區金華國民小學",學校,84
taipei,臺北市立金華國民中學,學校,300
taipei,臺北市大安區建安國民小學,學校,30
taipei,臺北市大安區新生國民小學,學校,414
taipei,臺北市大安區銘傳國民小學,學校,161
taipei,台北市大安區龍安國民小學,學校,31
taipei,臺北市立懷生國民中學,學校,167
taipei,大安站,捷運站體,969
taipei,臺北市市場處安東市場地下停車場,市場/停車場,386
taipei,忠孝復興站,捷運站體,1420
taipei,忠孝新生站,捷運站體,2803
taipei,東門站,捷運站體,1327
taipei,東區地下街,捷運站體,2625
taipei,臺北市市場處嘟嘟房大安全聯站停車場,市場/停車場,237
taipei,臺北市市場處榮帝科技全聯大安北師店停車場,市場/停車場,76
taipei,臺北市立圖書館道藩分館,圖書館,32
taipei,臺北市立圖書館總館,圖書館,70
taipei,臺北市市場處錦安市場地下停車場,市場/停車場,138
taipei,臺北市立龍山國民中學,學校,265
taipei,臺北市萬華區雙園國民小學,學校,123
taipei,臺北市萬華區新和國民小學,學校,79
taipei,青年公園,公園/綠地,31449
taipei,臺北市萬華運動中心,體育場館/運動中心,226
taipei,青年公園棒球場,體育場館/運動中心,60
taipei,臺北市立大理高級中學,學校,300
taipei,臺北市萬華區大理國民小學,學校,80
taipei,臺北市萬華區老松國民小學,學校,231
taipei,臺北市萬華區西門國民小學,學校,149
taipei,臺北市萬華區西園國民小學,學校,203
taipei,臺北市立華江高級中學,學校,300
taipei,臺北市萬華區華江國民小學,學校,107
taipei,臺北市萬華區萬大國民小學,學校,60
taipei,臺北市立萬華國民中學,學校,50
taipei,臺北市萬華區福星國民小學,學校,50
taipei,臺北市萬華區龍山國民小學,學校,150
taipei,臺北市立雙園國民中學,學校,210
taipei,臺北市市場處臺北市家禽批發市場,市場/停車場,1528
taipei,西門地下街,捷運站體,770
taipei,臺北市市場處西寧市場地下停車場,市場/停車場,505
taipei,臺北市立圖書館西園分館,圖書館,40
taipei,臺北市立圖書館萬華分館,圖書館,30
taipei,臺北市市場處龍山寺地下街,市場/停車場,6050
taipei,臺北市市場處環南中繼市場停車場,市場/停車場,7951
taipei,臺北市信義區博愛國民小學,學校,156
taipei,臺北市信義區吳興國民小學,學校,141
taipei,臺北市立信義國民中學,學校,206
taipei,臺北市立興雅國民中學,學校,251
taipei,臺北市信義區信義國民小學,學校,164
taipei,松德公園,公園/綠地,1340
taipei,臺北市信義運動中心,圖書館,200
taipei,臺北市信義區三興國民小學,學校,77
taipei,臺北市信義區雙永國民小學,學校,116
taipei,臺北市信義區雙永國民小學,學校,116
taipei,"臺北市立永吉國民中學
",學校,97
taipei,臺北市立永春高級中學,學校,300
taipei,臺北市信義區雙永國民小學,學校,115
taipei,臺北市信義區雙永國民小學,學校,115
taipei,臺北市信義區光復國民小學,學校,80
taipei,臺北市立松山高級工農職業學校,學校,333
taipei,臺北市立松山高級商業家事職業學校,學校,116
taipei,臺北市立松山高級中學,學校,300
taipei,臺北市立瑠公國民中學,學校,100
taipei,臺北市信義區福德國民小學,學校,105
taipei,臺北市信義區興雅國民小學,學校,198
taipei,景勤1號公園,公園/綠地,942
taipei,景勤2號公園,公園/綠地,1023
taipei,三興市場大樓地下停車場,市場/停車場,504
taipei,市府轉運站,捷運站體,8248
taipei,臺北市市場處全聯松山松興店地下二樓停車場,市場/停車場,177
taipei,臺北市立圖書館六合分館,圖書館,46
taipei,臺北市立圖書館永春分館,圖書館,76
taipei,臺北市士林區社子國民小學,學校,160
taipei,臺北市立至善國民中學,學校,157
taipei,臺北市士林區福林國民小學,學校,168
taipei,臺北市士林區士林國民小學,學校,219
taipei,臺北市士林區陽明山國民小學,學校,50
taipei,臺北市溪山實驗國民小學,學校,50
taipei,士林官邸公園,公園/綠地,1930
taipei,臺北市士林運動中心,體育場館/運動中心,171
taipei,臺北市市場處士東市場地下停車場,市場/停車場,771
taipei,天母棒球場,體育場館/運動中心,150
taipei,臺北市士林區三玉國民小學,學校,782
taipei,臺北市士林區士東國民小學,學校,275
taipei,臺北市立士林高級商業職業學校,學校,54
taipei,臺北市立士林國民中學,學校,39
taipei,臺北市士林區天母國民小學,學校,323
taipei,臺北市立天母國民中學,學校,99
taipei,台北市士林區文昌國民小學,學校,140
taipei,臺北市士林區平等國民小學,學校,30
taipei,臺北市士林區百齡高級中學,學校,300
taipei,臺北市士林區百齡國民小學,學校,342
taipei,臺北市士林區芝山國民小學,學校,75
taipei,臺北市士林區雨農國民小學,學校,124
taipei,臺北市士林區雨聲國民小學,學校,30
taipei,臺北市立格致國民中學,學校,73
taipei,臺北市士林區富安國民小學,學校,71
taipei,臺北市立陽明高級中學,學校,110
taipei,臺北市士林區葫蘆國民小學,學校,88
taipei,臺北市立福安國民中學,學校,30
taipei,臺北市士林區劍潭國民小學,學校,31
taipei,臺北市士林區雙溪國民小學小,學校,30
taipei,臺北市士林區蘭雅國民小學,學校,30
taipei,臺北市立蘭雅國民中學,學校,130
taipei,美崙公園,公園/綠地,5233
taipei,前港公園,公園/綠地,3136
taipei,福林公園,公園/綠地,2284
taipei,忠誠公園,公園/綠地,881
taipei,天和公園,公園/綠地,1296
taipei,社子公園,公園/綠地,874
taipei,臺北市市場處士林市場地下停車場,市場/停車場,1325
taipei,臺北市立圖書館天母分館,圖書館,41
taipei,臺北市立圖書館李科永紀念館,圖書館,46
taipei,臺北市立圖書館葫蘆堵分館,圖書館,190
taipei,臺北表演藝術中心,藝術中心,5061
taipei,臺北市立新民國民中學,學校,205
taipei,臺北市北投區逸仙國民小學,學校,166
taipei,臺北市立桃源國民中學,學校,55
taipei,臺北市北投區北投國民小學,學校,195
taipei,復興公園,公園/綠地,3624
taipei,北投區民活動中心(暫停用),活動中心,90
taipei,臺北市北投運動中心,體育場館/運動中心,384
taipei,臺北市北投區大屯國民小學,學校,30
taipei,臺北市立中正高級中學,學校,109
taipei,臺北市北投區文化國民小學,學校,50
taipei,臺北市北投區文林國民小學,學校,300
taipei,臺北市立北投國民中學,學校,380
taipei,臺北市北投區石牌國民小學,學校,180
taipei,臺北市立石牌國民中學,學校,400
taipei,臺北市北投區立農國民小學,學校,31
taipei,臺北市北投區明德國民小學,學校,767
taipei,臺北市立明德國民中學,學校,88
taipei,臺北市泉源實驗國民小學,學校,33
taipei,臺北市北投區桃源國民小學,學校,30
taipei,台北市北投區清江國民小學,學校,350
taipei,臺北市立復興高級中學,學校,348
taipei,臺北市北投區湖山國民小學,學校,30
taipei,臺北市湖田實驗國民小學,學校,30
taipei,臺北市北投區義方國民小學,學校,120
taipei,臺北市北投區關渡國民小學,學校,110
taipei,臺北市立關渡國民中學,學校,120
taipei,國防大學政治作戰學院,營區,584
taipei,北投一公園,公園/綠地,3461
taipei,北投二公園,公園/綠地,1083
taipei,大豐公園(暫停用),公園/綠地,1075
taipei,七星公園,公園/綠地,1046
taipei,石牌公園,公園/綠地,2047
taipei,立農公園,公園/綠地,1547
taipei,振興公園,公園/綠地,950
taipei,文化區民活動中心(暫停用),活動中心,58
taipei,臺北市立圖書館北投分館,圖書館,222
taipei,臺北市立圖書館石牌分館,圖書館,196
taipei,臺北市立圖書館吉利分館,圖書館,45
taipei,臺北市立圖書館清江分館,圖書館,201
taipei,臺北市立圖書館稻香分館,圖書館,114
taipei,臺北市內湖區麗山國民小學,學校,184
taipei,臺北市內湖區碧湖國民小學,學校,134
taipei,臺北市內湖區麗湖國民小學,學校,257
taipei,臺北市內湖區大湖國民小學,學校,166
taipei,臺北市內湖區康寧國民小學,學校,157
taipei,大湖公園,公園/綠地,2437
taipei,內湖區行政大樓,活動中心,170
taipei,臺北市內湖運動中心,體育場館/運動中心,219
taipei,臺北市立內湖高級中學,學校,110
taipei,臺北市內湖區內湖國民小學,學校,150
taipei,臺北市立內湖高級工業職業學校,學校,245
taipei,臺北市立明湖國民中學,學校,251
taipei,臺北市立三民國民中學,學校,300
taipei,臺北市立東湖國民中學,學校,138
taipei,臺北市內湖區東湖國民小學,學校,155
taipei,臺北市內湖區文湖國民小學,學校,54
taipei,臺北市內湖區西湖國民小學,學校,76
taipei,臺北市西湖實驗國民中學,學校,106
taipei,臺北市立內湖國民中學,學校,267
taipei,臺北市內湖區明湖國民小學,學校,137
taipei,臺北市內湖區南湖高級中學,學校,150
taipei,臺北市內湖區南湖國民小學,學校,400
taipei,臺北市內湖區新湖國民小學,學校,40
taipei,臺北市內湖區潭美國民小學,學校,81
taipei,臺北市立麗山高級中學,學校,60
taipei,臺北市立麗山國民中學,學校,82
taipei,碧湖公園,公園/綠地,552
taipei,臺北市市場處臺北市花卉批發市場,市場/停車場,756
taipei,臺北市市場處西湖市場停車場,市場/停車場,3962
taipei,西湖區民活動中心,活動中心,132
taipei,港華區民活動中心,活動中心,36
taipei,港墘區民活動中心,活動中心,91
taipei,湖興區民活動中心,活動中心,123
taipei,臺北市立圖書館內湖分館,圖書館,47
taipei,臺北市立圖書館西中分館,圖書館,86
taipei,臺北市立圖書館西湖分館,圖書館,230
taipei,臺北市立圖書館東湖分館,圖書館,577
taipei,樂康區民活動中心,活動中心,100
taipei,臺北市南港區舊莊國民小學,學校,92
taipei,臺北市立育成高級中學,學校,318
taipei,臺北市立南港高級中學,學校,324
taipei,臺北市南港區成德國民小學,學校,225
taipei,臺北市立成德國民中學,學校,92
taipei,南港公園,公園/綠地,8655
taipei,臺北市南港運動中心,體育場館/運動中心,240
taipei,臺北市極限運動訓練中心,體育場館/運動中心,50
taipei,臺北市南港區玉成國民小學,學校,30
taipei,臺北市南港區東新國民小學,學校,45
taipei,臺北市立南港高級工業職業學校,學校,160
taipei,臺北市南港區南港國民小學,學校,50
taipei,臺北市南港區胡適國民小學,學校,225
taipei,臺北市誠正國民中學,學校,143
taipei,臺北市南港區修德國民小學,學校,95
taipei,玉成公園,公園/綠地,3523
taipei,"臺北市市場處中研市場地下停車場
",市場/停車場,100
taipei,南港展覽館站,捷運站體,1091
taipei,南港轉運站西站,捷運站體,748
taipei,臺北市立圖書館南港分館,圖書館,391
taipei,臺北市立圖書館舊莊分館,圖書館,107
taipei,臺北流行音樂中心,藝術中心,1278
taipei,臺北市立景興國民中學,學校,169
taipei,臺北市文山區萬興國民小學,學校,152
taipei,臺北市文山區景興國民小學,學校,158
taipei,景華公園,公園/綠地,1347
taipei,行政中心大禮堂,活動中心,60
taipei,臺北市文山運動中心,體育場館/運動中心,189
taipei,臺北市文山區力行國民小學,學校,60
taipei,臺北市立木柵高級工業職業學校,學校,169
taipei,臺北市文山區木柵國民小學,學校,155
taipei,臺北市立木柵國民中學,學校,56
taipei,臺北市立北政國民中學,學校,30
taipei,臺北市文山區永建國民小學,學校,175
taipei,臺北巿文山區志清國民小學,學校,66
taipei,臺北巿文山區辛亥國民小學,學校,144
taipei,臺北巿文山區明道國民小學,學校,500
taipei,臺北市文山區武功國民小學,學校,315
taipei,臺北市指南實驗國民小學,學校,30
taipei,臺北市博嘉實驗國民小學,學校,30
taipei,臺北市立景美女子高級中學,學校,300
taipei,臺北市文山區景美國民小學,學校,74
taipei,臺北市立景美國民中學,學校,80
taipei,臺北市文山區溪口國民小學,學校,90
taipei,臺北市立萬芳高級中學,學校,131
taipei,臺北市文山區萬芳國民小學,學校,135
taipei,臺北市立萬福國民小學,學校,32
taipei,臺北市文山區實踐國民小學,學校,75
taipei,臺北市立實踐國民中學,學校,300
taipei,臺北市文山區興華國民小學,學校,30
taipei,臺北市文山區興隆國民小學,學校,133
taipei,臺北市立興福國民中學,學校,300
taipei,臺北市文山區興德國民小學,學校,30
taipei,興隆公園,公園/綠地,1290
taipei,臺北市市場處木柵市場地下停車場,市場/停車場,315
taipei,臺北市市場處木新市場地下停車場,市場/停車場,450
taipei,木新區民活動中心(暫停用),活動中心,204
taipei,永建區民活動中心(暫停用),活動中心,162
taipei,忠順區民活動中心,活動中心,62
taipei,景行區民活動中心,活動中心,123
taipei,萬芳區民活動中心,活動中心,166
taipei,萬福區民活動中心,活動中心,99
taipei,萬興區民活動中心,活動中心,206
taipei,樟新區民活動中心,活動中心,279
taipei,樟腳區民活動中心,活動中心,97
taipei,興隆區民活動中心,活動中心,165
taipei,博客停車場-政大場,市場/停車場,1029
taipei,臺北市市場處萬和超市地下停車場,市場/停車場,338
taipei,臺北市立圖書館力行分館,圖書館,197
taipei,臺北市立圖書館文山分館,圖書館,184
taipei,臺北市立圖書館木柵分館,圖書館,119
taipei,臺北市立圖書館景美分館,圖書館,183
taipei,臺北市立圖書館景新分館,圖書館,264
taipei,臺北市立圖書館萬興分館,圖書館,166
taipei,臺北市市場處興隆市場地下停車場,市場/停車場,439
taipei,興業區民活動中心,活動中心,238
taipei,興豐區民活動中心,活動中心,103
newtaipei,民生市民活動中心,是,291
newtaipei,板橋莊敬市民活動中心　,是,150
newtaipei,板橋國小,是,1111
newtaipei,文德國小,是,2292
newtaipei,江翠國小,是,333
newtaipei,文聖國小,是,594
newtaipei,埔墘國小,是,149
newtaipei,實踐國小,是,1017
newtaipei,後埔國小,是,813
newtaipei,信義國小,是,944
newtaipei,中山國小,是,682
newtaipei,沙崙國小,是,341
newtaipei,溪洲國小,是,1491
newtaipei,重慶國小,是,787
newtaipei,大觀國小,是,1392
newtaipei,莒光國小,是,296
newtaipei,國光國小,是,1260
newtaipei,板橋國中,是,1627
newtaipei,忠孝國中,是,339
newtaipei,新埔國中,是,1010
newtaipei,中山國中,是,2061
newtaipei,江翠國中,是,891
newtaipei,光復高中,是,309
newtaipei,溪崑國中,是,728
newtaipei,重慶國中,是,501
newtaipei,海山高中,是,2121
newtaipei,大觀國中,是,739
newtaipei,板橋高中,是,562
newtaipei,板橋第一運動公園,是,1630
newtaipei,板橋第二運動公園,是,1120
newtaipei,浮洲運動公園,是,935
newtaipei,新埔國小,是,1892
newtaipei,海山國小,是,257
newtaipei,國光市民活動中心,是,94
newtaipei,四維公園市民活動中心,是,73
newtaipei,音樂公園市民活動中心,是,100
newtaipei,南雅公園市民活動中心,是,84
newtaipei,五權公園市民活動中心,是,144
newtaipei,溪洲公園市民活動中心,是,93
newtaipei,新興市民活動中心,是,122
newtaipei,和平公園市民活動中心,是,143
newtaipei,厚德國小體操館地下室大禮堂,是,100
newtaipei,永盛市民活動中心,是,100
newtaipei,六張市民活動中心,是,100
newtaipei,和平市民活動中心,是,100
newtaipei,菜寮市民活動中心,是,100
newtaipei,正義市民活動中心,是,100
newtaipei,過圳市民活動中心,是,50
newtaipei,碧華國小,是,1875
newtaipei,重陽國小,是,608
newtaipei,興穀國小,是,204
newtaipei,光興國小,是,1533
newtaipei,三重國小,是,2008
newtaipei,五華國小,是,1535
newtaipei,三光國小,是,1502
newtaipei,修德國小,是,1200
newtaipei,光榮國小,是,386
newtaipei,厚德國小,是,850
newtaipei,集美國小,是,265
newtaipei,二重國小,是,1381
newtaipei,正義國小,是,737
newtaipei,永福國小,是,706
newtaipei,三和國中,是,1154
newtaipei,二重國中,是,294
newtaipei,光榮國中,是,801
newtaipei,明志國中,是,150
newtaipei,格致中學,是,722
newtaipei,三重商工,是,3122
newtaipei,穀保家商,是,1566
newtaipei,新北高中,是,275
newtaipei,金陵女中,是,1122
newtaipei,東海高中,是,408
newtaipei,三重高中,是,551
newtaipei,綜合運動場(防災公園),是,2040
newtaipei,碧華國中,是,923
newtaipei,清傳高商,是,1274
newtaipei,中和區公所,是,65
newtaipei,中和國小,是,1669
newtaipei,南山高中,是,1892
newtaipei,漳和國中,是,709
newtaipei,秀山國小,是,4198
newtaipei,景新國小,是,867
newtaipei,中和國中,是,900
newtaipei,復興國小,是,899
newtaipei,華夏科技大學,是,1697
newtaipei,錦和高中,是,1680
newtaipei,積穗國中,是,504
newtaipei,積穗國小,是,425
newtaipei,自強國小,是,5163
newtaipei,自強國中,是,695
newtaipei,興南國小,是,1016
newtaipei,光復國小,是,581
newtaipei,錦和國小,是,222
newtaipei,中和高中,是,2827
newtaipei,竹林中學,是,425
newtaipei,山北市民活動中心,是,92
newtaipei,復興大樓,是,25
newtaipei,鶴齡交誼中心,是,82
newtaipei,錦和運動公園,是,2732
newtaipei,中和公園,是,1660
newtaipei,民權市民活動中心,是,170
newtaipei,忠孝市民活動中心,是,375
newtaipei,網溪國小,是,350
newtaipei,竹林小學,是,154
newtaipei,頂溪國小,是,408
newtaipei,莊敬高職永和校區,是,249
newtaipei,及人小學,是,78
newtaipei,永平高中,是,1744
newtaipei,復興商工,是,810
newtaipei,永和國小,是,302
newtaipei,秀朗國小,是,550
newtaipei,永和國中,是,1094
newtaipei,福和國中,是,713
newtaipei,智光商工,是,844
newtaipei,育才小學,是,20
newtaipei,永平國小,是,870
newtaipei,仁愛公園,否,4514
newtaipei,福壽市民活動中心,是,120
newtaipei,新泰市民活動中心,是,250
newtaipei,四維市民活動中心,是,300
newtaipei,豐年市民活動中心,是,100
newtaipei,瓊泰活動中心,是,100
newtaipei,牡丹心市民活動中心,是,300
newtaipei,全安市民活動中心,是,200
newtaipei,新莊區公所,是,200
newtaipei,福營行政大樓,是,200
newtaipei,裕民行政大樓,是,300
newtaipei,輔仁大學,是,1544
newtaipei,新莊高中,是,933
newtaipei,丹鳳高中,是,992
newtaipei,新莊國中,是,1150
newtaipei,新泰國中,是,466
newtaipei,福營國中,是,319
newtaipei,頭前國中,是,339
newtaipei,中平國中,是,269
newtaipei,新莊國小,是,1029
newtaipei,民安國小,是,1203
newtaipei,國泰國小,是,577
newtaipei,頭前國小,是,315
newtaipei,中港國小,是,564
newtaipei,思賢國小,是,285
newtaipei,丹鳳國小,是,390
newtaipei,豐年國小,是,678
newtaipei,光華國小,是,1015
newtaipei,榮富國小,是,484
newtaipei,新泰國小,是,1797
newtaipei,裕民國小,是,632
newtaipei,昌隆國小,是,520
newtaipei,興化國小,是,599
newtaipei,中信國小,是,1084
newtaipei,昌平國小,是,535
newtaipei,恆毅高級中學,是,648
newtaipei,"新莊體育場
(防災公園)",是,8450
newtaipei,"頭前運動公園
(防災公園)",是,133
newtaipei,大豐社福館,是,1540
newtaipei,文中廣明市民活動中心,否,45
newtaipei,青潭國小,是,564
newtaipei,龜山市民活動中心,是,133
newtaipei,雙城市民活動中心,是,132
newtaipei,康橋高中,否,1312
newtaipei,新店高中,否,1271
newtaipei,崇光高中,否,400
newtaipei,及人中學,否,2749
newtaipei,安康高中,否,730
newtaipei,耕莘健康管理專科學校,否,87
newtaipei,景文科技大學,否,1855
newtaipei,南強工商,否,715
newtaipei,能仁家商,否,820
newtaipei,莊敬高職,否,55
newtaipei,中正國小,否,788
newtaipei,北新國小,否,1111
newtaipei,大豐國小,否,3416
newtaipei,安坑國小,否,618
newtaipei,屈尺國小,是,588
newtaipei,屈尺國小廣興分校,否,37
newtaipei,新和國小,否,570
newtaipei,新店國小,否,1381
newtaipei,直潭國小,否,102
newtaipei,雙城國小,是,367
newtaipei,雙峰國小,否,286
newtaipei,龜山國小,否,28
newtaipei,五峰國中,否,667
newtaipei,文山國中,否,772
newtaipei,直潭派出所,否,75
newtaipei,廣興里辦公處,否,37
newtaipei,達觀國中小,否,392
newtaipei,太平防災公園,否,1875
newtaipei,十四張歷史公園,否,502
newtaipei,柴埕市民活動中心,否,360
newtaipei,日興市民活動中心,否,112
newtaipei,清和市民 活動中心,是,30
newtaipei,清化市民 活動中心,是,30
newtaipei,青雲、柑林市民活動中心,是,50
newtaipei,青山市民 活動中心,是,18
newtaipei,永富市民 活動中心,是,25
newtaipei,廷寮市民 活動中心,是,80
newtaipei,清水高中,是,2041
newtaipei,中正國中,是,671
newtaipei,安和國小,是,2293
newtaipei,清水國小,是,1010
newtaipei,土城區公所,是,162
newtaipei,廣福市民 活動中心,是,50
newtaipei,廣興市民 活動中心,是,50
newtaipei,員林市民 活動中心,是,77
newtaipei,新北高工,是,2580
newtaipei,土城國小,是,963
newtaipei,廣福國小,是,533
newtaipei,樂利國小,是,505
newtaipei,裕德高中,是,984
newtaipei,"福瑞斯特
高中",是,1404
newtaipei,永寧市民 活動中心,是,30
newtaipei,祖田市民 活動中心,是,50
newtaipei,沛陂市民 活動中心,是,50
newtaipei,頂埔市民 活動中心,是,60
newtaipei,土城國中,是,954
newtaipei,頂埔國小,是,412
newtaipei,土城綜合 體育場    (防災公園),否,899
newtaipei,宏國德霖 科技大學,是,270
newtaipei,蘆洲區公所,是,185
newtaipei,永平市民活動中心,是,151
newtaipei,長安市民活動中心,是,124
newtaipei,重陽市民活動中心,是,59
newtaipei,民生市民活動中心,是,21
newtaipei,水湳市民活動中心,是,34
newtaipei,得仁市民活動中心,是,53
newtaipei,財團法人新北市基督徒蘆洲禮拜堂,是,75
newtaipei,成功國小,是,419
newtaipei,鷺江國中 ,是,658
newtaipei,三民高中 ,是,5011
newtaipei,蘆洲國中,是,1112
newtaipei,仁愛國小,是,498
newtaipei,忠義國小,是,957
newtaipei,鷺江國小,是,938
newtaipei,蘆洲國小,是,1903
newtaipei,徐匯中學,是,838
newtaipei,永安兒童公園市民活動中心,是,22
newtaipei,溪墘湧蓮市民活動中心 ,是,51
newtaipei,蘆洲柳堤防災公園,是,200
newtaipei,仁愛市民活動中心,是,167
newtaipei,樹林區公所,是,215
newtaipei,樹林高中,是,3292
newtaipei,柑園國中,是,1082
newtaipei,文林國小,是,1739
newtaipei,樹林國小,是,1162
newtaipei,武林國小,是,1066
newtaipei,大同國小,是,1470
newtaipei,山佳國小,是,654
newtaipei,三多國小,是,839
newtaipei,育德國小,是,785
newtaipei,柑園國小,是,625
newtaipei,彭福國小,是,209
newtaipei,育林國小,是,178
newtaipei,育林國中,是,627
newtaipei,三多國中,是,912
newtaipei,桃子腳國中小,是,960
newtaipei,三多市民活動中心,是,125
newtaipei,東陽市民活動中心,是,78
newtaipei,樂山市民活動中心,是,61
newtaipei,樹林體育場,是,1093
newtaipei,山佳市民活動中心,是,124
newtaipei,汐止區公所行政中心,是,650
newtaipei,東方科學園區,是,2250
newtaipei,崇德橋東市民活動中心,是,453
newtaipei,康福市民活動中心,是,633
newtaipei,橫科市民活動中心,是,332
newtaipei,厚德山光市民活動中心,是,1021
newtaipei,翠柏新村安養中心-服務大樓,是,913
newtaipei,青山國中小,是,2329
newtaipei,崇德國小,是,1912
newtaipei,樟樹國小,是,540
newtaipei,汐止國小,是,888
newtaipei,白雲國小,是,474
newtaipei,汐止國中,是,1397
newtaipei,秀峰高中,是,7227
newtaipei,北港國小,是,1404
newtaipei,樟樹國際實創中學,是,309
newtaipei,秀峰國小,是,344
newtaipei,長安國小,是,1000
newtaipei,保長國小,是,893
newtaipei,北峰國小,是,5043
newtaipei,東山國小,是,90
newtaipei,汐止綜合運動場(防災公園),是,0
newtaipei,忠山市民活動中心,是,515
newtaipei,王母救世宮,是,0
newtaipei,北鶯市民活動中心,是,37
newtaipei,西鶯市民活動中心,是,207
newtaipei,中湖市民活動中心,是,119
newtaipei,新北市立尖山國民中學,是,312
newtaipei,新北市立鳳鳴國民中學,是,991
newtaipei,新北市立鶯歌國民中學,是,1688
newtaipei,新北市立鶯歌高級工商職業學校,是,1514
newtaipei,新北市鶯歌區中湖國民小學,是,499
newtaipei,新北市鶯歌區二橋國民小學,是,1372
newtaipei,新北市鶯歌區建國國民小學,是,560
newtaipei,新北市鶯歌區昌福國民小學,是,1065
newtaipei,新北市鶯歌區永吉國民小學,是,2097
newtaipei,新北市鶯歌區鳳鳴國民小學,是,492
newtaipei,新北市鶯歌區鶯歌國民小學,是,2250
newtaipei,有木國小, 是,650
newtaipei,長青市民活動中心, 是,166
newtaipei,竹崙市民活動中心, 是,94
newtaipei,建安國小, 是,350
newtaipei,大有市民活動中心, 是,148
newtaipei,五寮市民活動中心, 是,137
newtaipei,明德高級中學, 是,1181
newtaipei,成福國小, 是,112
newtaipei,台北榮家, 是,617
newtaipei,三峽國小, 是,1283
newtaipei,中園國小, 是,761
newtaipei,介壽國小, 是,150
newtaipei,大埔國小, 是,649
newtaipei,大成國小, 是,319
newtaipei,安溪國小, 是,72
newtaipei,民義國小, 是,120
newtaipei,三峽國中, 是,1606
newtaipei,安溪國中, 是,1000
newtaipei,龍埔國小, 是,767
newtaipei,北大高級中學, 是,325
newtaipei,北大國小, 是,341
newtaipei,長庚市民活動中心,是,74
newtaipei,民生市民活動中心,是,72
newtaipei,中興市民活動中心,是,57
newtaipei,淡海市民活動中心,是,149
newtaipei,竿蓁市民活動中心,是,193
newtaipei,新興市民活動中心,是,446
newtaipei,淡水國小,是,664
newtaipei,鄧公國小,是,974
newtaipei,竹圍國小,是,800
newtaipei,育英國小,是,357
newtaipei,興仁國小,是,671
newtaipei,坪頂國小,是,413
newtaipei,忠山國小,是,212
newtaipei,水源國小,是,495
newtaipei,屯山國小,是,155
newtaipei,淡水商工,是,2508
newtaipei,天生國小,是,797
newtaipei,新興國小,是,724
newtaipei,文化國小,是,432
newtaipei,中泰國小,是,497
newtaipei,竹圍國小自強分校,是,207
newtaipei,竹圍高中,是,1695
newtaipei,正德國中,是,1598
newtaipei,淡水國中,是,1608
newtaipei,新市國小,是,1220
newtaipei,水源市民活動中心,否,72
newtaipei,樹興里活動中心,否,59
newtaipei,興音寺,否,50
newtaipei,真聖宮,否,50
newtaipei,"公八防災
公園",是,1087
newtaipei,前山營區 ,是,78
newtaipei,后山營區,是,80
newtaipei,真理大學,是,118
newtaipei,淡江大學,是,211
newtaipei,臺北基督學院,是,156
newtaipei,聖約翰科技大學,是,1000
newtaipei,樹興里辦公處,是,44
newtaipei,義山市民活動中心,是,162
newtaipei,淡江高中,否,2890
newtaipei,瑞芳區公所,是,116
newtaipei,瑞芳國小,是,798
newtaipei,瑞龍市民活動中心,是,582
newtaipei,瑞芳高工,是,1246
newtaipei,瑞芳國中,是,1827
newtaipei,濂洞國小,是,229
newtaipei,鼻頭國小,是,166
newtaipei,吉慶國小,是,374
newtaipei,猴硐國小,是,83
newtaipei,九份國小,是,339
newtaipei,瑞濱市民活動中心,是,116
newtaipei,勸濟堂,是,176
newtaipei,瓜山國小,是,233
newtaipei,深澳市民活動中心,是,113
newtaipei,威遠廟,是,83
newtaipei,傑魚市民活動中心,是,232
newtaipei,東和市民活動中心,是,162
newtaipei,爪峰市民活動中心,是,162
newtaipei,福住第二市民活動中心,是,54
newtaipei,新山市民活動中心,是,41
newtaipei,瑞濱國小,是,266
newtaipei,瑞芳棒球場,否,951
newtaipei,海濱市民休閒場地,是,54
newtaipei,"更新市民
活動中心",是,65
newtaipei,"成功市民
活動中心",是,100
newtaipei,"成州市民
活動中心",是,75
newtaipei,新北市五股區  立體停車場,是,550
newtaipei,"成州
國民小學",是,370
newtaipei,"更寮
國民小學",是,288
newtaipei,"五股
國民小學",是,856
newtaipei,德音國民小學,是,118
newtaipei,"五股
國民中學",是,214
newtaipei,憲訓中心,是,686
newtaipei,公民會館,是,182
newtaipei,"觀音市民
活動中心",是,149
newtaipei,防災體健公園,是,1330
newtaipei,泰山區公所,是,53
newtaipei,泰山國中,是,1052
newtaipei,黎明市民活動中心,是,21
newtaipei,泰山國小,是,1305
newtaipei,泰山體育館,是,1280
newtaipei,同榮國小,是,1957
newtaipei,義學國小,是,773
newtaipei,明志國小,是,1024
newtaipei,義學國中,是,573
newtaipei,泰山高中,是,570
newtaipei,明志科技大學,是,1803
newtaipei,黎明技術學院,是,1081
newtaipei,明志市民活動中心,是,20
newtaipei,貴和市民活動中心,是,76
newtaipei,楓樹福泰市民活動中心,是,201
newtaipei,義仁市民活動中心,是,55
newtaipei,山腳市民活動中心,是,62
newtaipei,林口區公所,是,120
newtaipei,林口國民小學,是,302
newtaipei,嘉寶國民小學,是,109
newtaipei,興福國民小學,是,236
newtaipei,瑞平國民小學,是,68
newtaipei,醒吾高級中學,是,190
newtaipei,林口國民中學,是,415
newtaipei,麗園國民小學,是,320
newtaipei,麗林國民小學,是,484
newtaipei,南勢國民小學,是,341
newtaipei,林口高中,是,415
newtaipei,崇林國民中學,是,813
newtaipei,頭湖國民小學,是,100
newtaipei,佳林國民中學,是,213
newtaipei,湖南市民活動中心,是,139
newtaipei,麗林市民活動中心,是,276
newtaipei,林口西林市民活動中心,是,65
newtaipei,湖北市民活動中心,是,125
newtaipei,師範大學林口校區,是,629
newtaipei,麗園市民活動中心,是,75
newtaipei,東勢市民活動中心,是,268
newtaipei,南勢市民活動中心,是,198
newtaipei,太平市民活動中心,是,77
newtaipei,仁愛市民活動中心,是,195
newtaipei,新北特殊教育學校,是,1118
newtaipei,林口防災公園,是,1961
newtaipei,下福市民活動中心,是,251
newtaipei,新林國小,是,225
newtaipei,東湖國小-社福大樓,是,80
newtaipei,深坑區公所,是,75
newtaipei,深坑國中,是,264
newtaipei,深坑國小,是,632
newtaipei,東南科技大學,是,916
newtaipei,深坑第二市民活動中心,是,103
newtaipei,土庫第一市民活動中心,是,150
newtaipei,阿柔市民活動中心,是,100
newtaipei,昇高市民活動中心,是,204
newtaipei,石碇綜合大樓,是,112
newtaipei,永定國小,是,330
newtaipei,雲海國小,是,247
newtaipei,石碇國小,是,105
newtaipei,石碇高中,是,729
newtaipei,石碇區公所,是,50
newtaipei,和平國小,是,101
newtaipei,彭山市民活動中心,是,125
newtaipei,坪林區公所,是,50
newtaipei,坪林國小,是,52
newtaipei,坪林國中,是,613
newtaipei,石倉庫,否,10
newtaipei,樹梅嶺倉庫,否,10
newtaipei,新昇倉庫,否,10
newtaipei,安養堂,是,28
newtaipei,坪林市民活動中心,是,62
newtaipei,新北市三芝區公所,是,60
newtaipei,新北市三芝區埔坪市民活動中心,是,90
newtaipei,三芝國小,是,533
newtaipei,三芝國中,是,694
newtaipei,新北市三芝區圓山市民活動中心,否,24
newtaipei,橫山國小,否,260
newtaipei,新北市三芝區八賢市民活動中心,否,45
newtaipei,興華國小,否,279
newtaipei,馬偕醫學院,是,3657
newtaipei,石門區公所,是,312
newtaipei,乾華國小,是,658
newtaipei,石門區體育館,是,325
newtaipei,石門實驗國民中學,是,285
newtaipei,老梅實驗小學,是,431
newtaipei,草里市民活動中心,是,78
newtaipei,茂林市民活動中心,是,110
newtaipei,富基市民活動中心,是,69
newtaipei,尖鹿市民活動中心,是,25
newtaipei,山溪市民活動中心,是,55
newtaipei,老梅市民活動中心,是,162
newtaipei,石門國小,是,505
newtaipei,石門市民活動中心,是,34
newtaipei,龍米市民活動中心,是,125
newtaipei,大崁老人活動中心,是,100
newtaipei,大埤頂市民活動中心,是,70
newtaipei,文化活動中心,是,100
newtaipei,長坑市民活動中心,是,100
newtaipei,八里國小,是,1150
newtaipei,大崁國小,是,956
newtaipei,米倉國小,是,748
newtaipei,長坑國小,是,246
newtaipei,八里國中,是,499
newtaipei,聖心女中,是,912
newtaipei,商港公園,是,1324
newtaipei,八里區公所文康活動中心 ,是,70
newtaipei,聖心國小,是,204
newtaipei,平溪市民活動中心,是,103
newtaipei,平溪國中,是,646
newtaipei,菁桐國小,是,347
newtaipei,平溪國小,是,485
newtaipei,十分國小,是,253
newtaipei,菁桐市民活動中心,是,32
newtaipei,白石市民活動中心,是,46
newtaipei,嶺腳市民活動中心,是,30
newtaipei,平湖市民活動中心,是,30
newtaipei,老人文康活動中心,是,66
newtaipei,薯榔市民活動中心,是,33
newtaipei,雙溪高中,是,1331
newtaipei,雙溪國小,是,546
newtaipei,共和市民活動中心,是,100
newtaipei,中正市民活動中心,是,76
newtaipei,長源市民活動中心,是,172
newtaipei,三港集會所,是,63
newtaipei,泰平市民活動中心,是,101
newtaipei,上林國小,是,1322
newtaipei,牡丹國小,是,554
newtaipei,平林市民活動中心,是,79
newtaipei,外柑市民活動中心,是,72
newtaipei,柑林國小,是,181
newtaipei,牡丹市民活動中心,是,121
newtaipei,貢寮市民活動中心,是,176
newtaipei,福隆青少年活動中心,是,403
newtaipei,昭惠廟,是,50
newtaipei,澳底國小,是,557
newtaipei,靈鷲山無生道場,是,100
newtaipei,福安廟,是,40
newtaipei,"和美國小
",是,118
newtaipei,福連國小,是,590
newtaipei,福隆國小,是,278
newtaipei,貢寮國小,是,605
newtaipei,貢寮實驗中學,是,548
newtaipei,虎子山,否,50
newtaipei,"佛祖廟
(西靈岩寺)",否,62
newtaipei,"佛祖廟
(西側高地)",否,62
newtaipei,新北市立圖書館-貢寮分館,否,157
newtaipei,仁和宮,否,125
newtaipei,慶安宮,否,12
newtaipei,豐珠中學,是,301
newtaipei,貢寮區公所,是,370
newtaipei,運動休閒廣場,是,702
newtaipei,金美國小,是,745
newtaipei,金山高中 ,是,520
newtaipei,金山國小,是,291
newtaipei,三和國小,是,156
newtaipei,中角國小,是,218
newtaipei,獅頭山公園,否,500
newtaipei,公館崙公園,否,81
newtaipei,朝天宮,是,75
newtaipei,聖德宮,是,187
newtaipei,六三市民活動中心,是,45
newtaipei,萬壽市民活動中心,是,73
newtaipei,金山區公所,是,99
newtaipei,清泉市民活動中心,是,50
newtaipei,法鼓文理學院,是,150
newtaipei,美田市民活動中心,是,24
newtaipei,萬里國小,是,897
newtaipei,萬里區行政大樓,是,214
newtaipei,野柳活動中心,是,216
newtaipei,崁腳活動中心,是,30
newtaipei,仁愛之家,是,269
newtaipei,崁腳國小,是,161
newtaipei,大坪國小,是,240
newtaipei,中華商業海事職業學校,否,775
newtaipei,獅頭路瑪鋉公園,否,225
newtaipei,磺潭社區親水公園,否,225
newtaipei,鎮北宮,否,175
newtaipei,基督教芥菜種營地,否,200
newtaipei,大鵬國小,是,691
newtaipei,野柳國小,是,658
newtaipei,萬里國中,是,1355
newtaipei,頂寮活動中心,是,69
newtaipei,忠治活動中心,是,30
newtaipei,綜合活動中心,是,30
newtaipei,信賢活動中心,是,30
newtaipei,福山活動中心,是,50
newtaipei,德拉楠實驗國民小學,是,56
newtaipei,烏來國民中小學,是,50
newtaipei,烏來區立圖書館,是,50
newtaipei,0,0,369414
