name,lon,lat,city
華山分隊,302552,2771114,taipei
忠孝分隊,303184,2770719,taipei
泉州分隊,301717,2768601,taipei
古亭分隊,304261,2767180,taipei
城中分隊,301807,2771075,taipei
雙園分隊,300004,2769060,taipei
龍山分隊,300387,2770144,taipei
萬芳分隊,307177,2766126,taipei
景美分隊,304631,2765034,taipei
木柵分隊,306876,2764656,taipei
寶橋分隊,306021,2763666,taipei
金華分隊,303258,2769481,taipei
安和分隊,305731,2769536,taipei
復興分隊,304827,2769217,taipei
南港分隊,311271,2771970,taipei
舊莊分隊,312085,2770911,taipei
成德分隊,309199,2771200,taipei
信義分隊,307391,2770418,taipei
永吉分隊,307433,2770941,taipei
莊敬分隊,307040,2769197,taipei
大直分隊,306157,2774755,taipei
松江分隊,303875,2771146,taipei
建國分隊,304063,2773398,taipei
搜救犬訓練基地,305426,2773920,taipei
圓山分隊,303386,2773471,taipei
八德分隊,306804,2771272,taipei
中崙分隊,305076,2771247,taipei
東湖分隊,311835,2773391,taipei
大湖分隊,310690,2775204,taipei
內湖分隊,309559,2773607,taipei
民權分隊,308283,2773311,taipei
建成分隊,302289,2771942,taipei
延平分隊,301597,2771439,taipei
大同分隊,301831,2772685,taipei
山仔后分隊,305021,2780715,taipei
天母分隊,303737,2779758,taipei
福安分隊,300097,2776542,taipei
社子分隊,301597,2774636,taipei
劍潭分隊,303223,2775843,taipei
雙溪分隊,304937,2776701,taipei
後港分隊,302255,2775551,taipei
陽明山分隊,305111,2782678,taipei
光明分隊,300664,2780842,taipei
關渡分隊,297059,2779489,taipei
石牌分隊,302127,2778941,taipei
秀山分隊,299695,2781960,taipei
消防局局本部,121.453934,25.00128,new_taipei_data
第一救災救護大隊部,121.468579,25.035069,new_taipei_data
第一大隊-板橋中隊,121.463377,24.999116,new_taipei_data
第一大隊-海山中隊,121.472171,25.017497,new_taipei_data
第一大隊-莒光分隊,121.468579,25.035069,new_taipei_data
第一大隊-新板分隊,121.4648591,25.0093551,new_taipei_data
第一大隊-板橋分隊,121.463377,24.999116,new_taipei_data
第一大隊-大觀分隊,121.441728,25.004667,new_taipei_data
第一大隊-海山分隊,121.459953,25.024044,new_taipei_data
第一大隊-民生分隊,121.472171,25.017497,new_taipei_data
第一大隊-溪崑分隊,121.430338,24.988713,new_taipei_data
第二救災救護大隊部,121.450991,25.035936,new_taipei_data
第二大隊-新莊中隊,121.4466624,25.0548825,new_taipei_data
第二大隊-五泰林中隊,121.427391,25.05006,new_taipei_data
第二大隊-德音中隊,121.456748,25.063262,new_taipei_data
第二大隊-五工分隊,121.456748,25.063262,new_taipei_data
第二大隊-裕民分隊,121.417779,25.021885,new_taipei_data
第二大隊-福營分隊,121.4276212,25.029572,new_taipei_data
第二大隊-新莊分隊,121.4174247,25.0265898,new_taipei_data
第二大隊-中港分隊,121.4466839,25.0548631,new_taipei_data
第二大隊-頭前分隊,121.466995,25.049147,new_taipei_data
第二大隊-五股分隊,121.439817,25.082467,new_taipei_data
第二大隊-更寮分隊,121.461665,25.078279,new_taipei_data
第二大隊-泰山分隊,121.427391,25.05006,new_taipei_data
第二大隊-林口分隊,121.388389,25.078824,new_taipei_data
第二大隊-文化分隊,121.362877,25.069963,new_taipei_data
第三救災救護大隊部,121.461428,25.092974,new_taipei_data
第三大隊-三重中隊,121.50097,25.06665,new_taipei_data
第三大隊-蘆洲中隊,121.469149,25.0766814,new_taipei_data
第三大隊-淡水中隊,121.4397676,25.1750945,new_taipei_data
第三大隊-三重分隊,121.500509,25.060156,new_taipei_data
第三大隊-鷺江分隊,121.461428,25.092974,new_taipei_data
第三大隊-蘆洲分隊,121.469026,25.076702,new_taipei_data
第三大隊-重陽分隊,121.48711,25.060968,new_taipei_data
第三大隊-二重分隊,121.469114,25.058572,new_taipei_data
第三大隊-八里分隊,121.408168,25.155829,new_taipei_data
第三大隊-龍源分隊,121.451362,25.132349,new_taipei_data
第三大隊-淡水分隊,121.4396473,25.1751676,new_taipei_data
第三大隊-竹圍分隊,121.459958,25.138221,new_taipei_data
第三大隊-三芝分隊,121.500618,25.258541,new_taipei_data
第三大隊-滬尾分隊,121.437422,25.171966,new_taipei_data
第四救災救護大隊部,121.542197,24.969111,new_taipei_data
第四大隊-新店中隊,121.493706,24.954081,new_taipei_data
第四大隊-文山中隊,121.6281,25.00289,new_taipei_data
第四大隊-深坑分隊,121.628113,25.002647,new_taipei_data
第四大隊-新店分隊,121.542197,24.969111,new_taipei_data
第四大隊-直潭分隊,121.534311,24.938587,new_taipei_data
第四大隊-安康分隊,121.493742,24.953824,new_taipei_data
第四大隊-安和分隊,121.517126,24.980284,new_taipei_data
第四大隊-石碇分隊,121.6609489,24.9912291,new_taipei_data
第四大隊-坪林分隊,121.712546,24.936671,new_taipei_data
第四大隊-雪山分隊,121.7113155,24.9406027,new_taipei_data
第四大隊-烏來分隊,121.548577,24.863964,new_taipei_data
第五救災救護大隊部,121.357061,24.940749,new_taipei_data
第五大隊-三鶯中隊,121.357339,24.9407,new_taipei_data
第五大隊-樹林中隊,121.421674,24.974538,new_taipei_data
第五大隊-土城中隊,121.445127,24.97333,new_taipei_data
第五大隊-三峽分隊,121.375348,24.930642,new_taipei_data
第五大隊-隆恩分隊,121.357339,24.9407,new_taipei_data
第五大隊-土城分隊,121.4450156,24.9735993,new_taipei_data
第五大隊-清水分隊,121.4602029,24.9887569,new_taipei_data
第五大隊-頂埔分隊,121.43174,24.96573,new_taipei_data
第五大隊-樹林分隊,121.421674,24.974538,new_taipei_data
第五大隊-樹潭分隊,121.420901,25.007235,new_taipei_data
第五大隊-柑園分隊,121.402941,24.960453,new_taipei_data
第五大隊-鶯歌分隊,121.3429023,24.9521459,new_taipei_data
第五大隊-鳳鳴分隊,121.3346686,24.9671058,new_taipei_data
第六救災救護大隊部,121.633771,25.064852,new_taipei_data
第六大隊-瑞芳中隊,121.80759,25.10733,new_taipei_data
第六大隊-金山中隊,121.628188,25.220963,new_taipei_data
第六大隊-汐止中隊,121.6570047,25.0641226,new_taipei_data
第六大隊-社后分隊,121.633771,25.064852,new_taipei_data
第六大隊-汐止分隊,121.679533,25.071299,new_taipei_data
第六大隊-長青分隊,121.6034992,25.1130476,new_taipei_data
第六大隊-橫科分隊,121.620148,25.050521,new_taipei_data
第六大隊-瑞芳分隊,121.8074,25.1074709,new_taipei_data
第六大隊-瑞亭分隊,121.762199,25.102295,new_taipei_data
第六大隊-九份分隊,121.846819,25.107362,new_taipei_data
第六大隊-金山分隊,121.628188,25.220963,new_taipei_data
第六大隊-石門分隊,121.567838,25.294276,new_taipei_data
第六大隊-萬里分隊,121.689043,25.180607,new_taipei_data
第六大隊-雙溪分隊,121.866684,25.03192,new_taipei_data
第六大隊-貢寮分隊,121.909888,25.021945,new_taipei_data
第六大隊-平溪分隊,121.732516,25.023228,new_taipei_data
第六大隊-保長分隊,121.679533,25.071299,new_taipei_data
第七救災救護大隊部,121.503305,25.005546,new_taipei_data
第七大隊-中和中隊,121.5032236,25.00555,new_taipei_data
第七大隊-永和中隊,121.520124,25.00427,new_taipei_data
第七大隊-永和分隊,121.519876,25.009503,new_taipei_data
第七大隊-永利分隊,121.5201424,25.0045231,new_taipei_data
第七大隊-永平分隊,121.5051348,25.0134721,new_taipei_data
第七大隊-中和分隊,121.503305,25.005546,new_taipei_data
第七大隊-員山分隊,121.481614,25.009112,new_taipei_data
第七大隊-南勢分隊,121.506601,24.9898241,new_taipei_data
第七大隊-國光分隊,121.472824,25.000679,new_taipei_data
特搜大隊部,121.453934,25.00128,new_taipei_data
特搜大隊-南雅分隊,121.453934,25.00128,new_taipei_data
特搜大隊-慈福分隊,121.4876143,25.0837105,new_taipei_data
特搜大隊-德音分隊,121.43344,25.071444,new_taipei_data
特搜大隊-秀峰分隊,121.657031,25.06413,new_taipei_data
特搜大隊-大埔分隊,121.3624497,24.9069666,new_taipei_data
車輛保養中心,121.357339,24.9407,new_taipei_data
