城市,學校名稱,汽車數,機車數
newtaipei,新北市立八里國民中學,15,0
newtaipei,新北市八里區八里國民小學,50,0
newtaipei,新北市八里區長坑國民小學,20,0
newtaipei,新北市八里區米倉國民小學,38,0
newtaipei,新北市三芝區三芝國民小學,26,0
newtaipei,新北市三芝區橫山國民小學,13,0
newtaipei,新北市三芝區興華國民小學,10,0
newtaipei,新北市金陵女子高級中學,110,0
newtaipei,新北市立新北高級中學,106,0
newtaipei,新北市立光榮國民中學,30,0
newtaipei,新北市立明志國民中學,12,0
newtaipei,新北市立碧華國民中學,15,0
newtaipei,新北市立三和國民中學,17,0
newtaipei,新北市立二重國民中學,20,0
newtaipei,新北市三重區三重國民小學,8,0
newtaipei,新北市三重區永福國民小學,8,0
newtaipei,新北市三重區厚德國民小學,50,0
newtaipei,新北市三重區三光國民小學,10,0
newtaipei,新北市三重區光興國民小學,5,0
newtaipei,新北市三重區修德國民小學,10,0
newtaipei,新北市三重區二重國民小學,6,0
newtaipei,新北市三重區興穀國民小學,10,0
newtaipei,新北市三重區重陽國民小學,8,0
newtaipei,新北市三重區五華國民小學,25,0
newtaipei,新北市三重區集美國民小學,20,0
newtaipei,新北市私立辭修高級中學,100,0
newtaipei,新北市三峽區北大國民小學,10,0
newtaipei,新北市立北大高級中學,8,0
newtaipei,新北市立安溪國民中學,20,0
newtaipei,新北市三峽區三峽國民小學,10,0
newtaipei,新北市三峽區大埔國民小學,23,0
newtaipei,新北市三峽區建安國民小學,8,0
newtaipei,新北市立插角森林實驗小學,25,0
newtaipei,新北市三峽區有木國民小學,10,0
newtaipei,新北市三峽區安溪國民小學,25,0
newtaipei,新北市三峽區介壽國民小學,30,0
newtaipei,新北市三峽區中園國民小學,40,0
newtaipei,新北市裕德高級中等學校,64,0
newtaipei,新北市立新北高級工業職業學校,100,0
newtaipei,新北市立清水高級中學,20,0
newtaipei,新北市立土城國民中學,70,0
newtaipei,新北市立中正國民中學,90,0
newtaipei,新北市土城區土城國民小學,20,0
newtaipei,新北市土城區清水國民小學,8,0
newtaipei,新北市土城區頂埔國民小學,6,0
newtaipei,新北市土城區廣福國民小學,20,0
newtaipei,新北市土城區樂利國民小學,6,0
newtaipei,新北市土城區安和國民小學,10,0
newtaipei,新北市私立竹林高級中學,20,0
newtaipei,新北市立中和高級中學,70,0
newtaipei,新北市立錦和高級中學,40,0
newtaipei,新北市立中和國民中學,17,0
newtaipei,新北市立積穗國民中學,10,0
newtaipei,新北市立漳和國民中學,10,0
newtaipei,新北市立自強國民中學,10,0
newtaipei,新北市中和區中和國民小學,15,0
newtaipei,新北市中和區興南國民小學,8,0
newtaipei,新北市中和區秀山國民小學,20,0
newtaipei,新北市中和區錦和國民小學,5,0
newtaipei,新北市中和區景新國民小學,7,0
newtaipei,新北市五股區更寮國民小學,15,0
newtaipei,新北市立平溪國民中學,30,0
newtaipei,新北市平溪區平溪國民小學,4,0
newtaipei,新北市平溪區十分國民小學,3,0
newtaipei,新北市立永和國民中學,2,0
newtaipei,新北市立福和國民中學,10,0
newtaipei,新北市永和區永和國民小學,5,0
newtaipei,新北市永和區秀朗國民小學,12,0
newtaipei,新北市永和區頂溪國民小學,11,0
newtaipei,新北市永和區永平國民小學,5,0
newtaipei,新北市石門區乾華國民小學,8,0
newtaipei,新北市立石碇高級中學,42,0
newtaipei,新北市石碇區石碇國民小學,20,0
newtaipei,新北市石碇區和平國民小學,10,0
newtaipei,新北市石碇區永定國民小學,17,0
newtaipei,新北市立汐止國民中學,40,0
newtaipei,新北市汐止區保長國民小學,12,0
newtaipei,新北市汐止區北港國民小學,20,0
newtaipei,新北市汐止區北峰國民小學,13,0
newtaipei,新北市汐止區秀峰國民小學,10,0
newtaipei,新北市汐止區金龍國民小學,20,0
newtaipei,新北市立坪林實驗國民中學,20,0
newtaipei,新北市立板橋高級中學,10,0
newtaipei,新北市立光復高級中學,5,0
newtaipei,新北市立重慶國民中學,25,0
newtaipei,新北市立江翠國民中學,40,0
newtaipei,新北市立中山國民中學,5,0
newtaipei,新北市立新埔國民中學,20,0
newtaipei,新北市立溪崑國民中學,50,0
newtaipei,新北市立大觀國民中學,30,0
newtaipei,新北市立忠孝國民中學,3,0
newtaipei,新北市板橋區板橋國民小學,10,0
newtaipei,新北市板橋區新埔國民小學,12,0
newtaipei,新北市板橋區埔墘國民小學,15,0
newtaipei,新北市板橋區江翠國民小學,5,0
newtaipei,新北市板橋區文聖國民小學,30,0
newtaipei,新北市板橋區沙崙國民小學,10,0
newtaipei,新北市板橋區文德國民小學,30,0
newtaipei,新北市板橋區中山國民小學,16,0
newtaipei,新北市板橋區重慶國民小學,10,0
newtaipei,新北市私立醒吾高級中學,60,0
newtaipei,新北市立林口高級中學,20,0
newtaipei,新北市林口區東湖國民小學,18,0
newtaipei,新北市立新北特殊教育學校,100,0
newtaipei,新北市立崇林國民中學,5,0
newtaipei,新北市立佳林國民中學,3,0
newtaipei,新北市林口區林口國民小學,20,0
newtaipei,新北市林口區嘉寶國民小學,20,0
newtaipei,新北市林口區瑞平國民小學,20,0
newtaipei,新北市林口區興福國民小學,20,0
newtaipei,新北市林口區頭湖國民小學,15,0
newtaipei,新北市立金山高級中學,45,0
newtaipei,新北市金山區中角國民小學,10,0
newtaipei,新北市金山區金美國民小學,8,0
newtaipei,新北市立泰山高級中學,40,0
newtaipei,新北市立義學國民中學,10,0
newtaipei,新北市泰山區泰山國民小學,10,0
newtaipei,新北市泰山區明志國民小學,10,0
newtaipei,新北市泰山區同榮國民小學,20,0
newtaipei,新北市泰山區義學國民小學,10,0
newtaipei,新北市貢寮區福隆國民小學,10,0
newtaipei,新北市貢寮區澳底國民小學,12,0
newtaipei,新北市貢寮區和美國民小學,20,0
newtaipei,新北市貢寮區福連國民小學,5,0
newtaipei,新北市立淡水高級商工職業學校,250,0
newtaipei,新北市立竹圍高級中學,72,0
newtaipei,新北市立正德國民中學,10,0
newtaipei,新北市淡水區育英國民小學,7,0
newtaipei,新北市淡水區天生國民小學,20,0
newtaipei,新北市淡水區水源國民小學,10,0
newtaipei,新北市淡水區興仁國民小學,5,0
newtaipei,新北市立忠山實驗小學,7,0
newtaipei,新北市淡水區中泰國民小學,15,0
newtaipei,新北市淡水區坪頂國民小學,10,0
newtaipei,新北市淡水區竹圍國民小學,10,0
newtaipei,新北市淡水區鄧公國民小學,50,0
newtaipei,新北市淡水區新興國民小學,38,0
newtaipei,新北市淡水區新市國民小學,3,0
newtaipei,新北市私立康橋高級中學,30,0
newtaipei,新北市私立南強工商,20,0
newtaipei,新北市立文山國民中學,30,0
newtaipei,新北市立五峰國民中學,7,0
newtaipei,新北市立達觀國民中小學,6,0
newtaipei,新北市新店區新店國民小學,5,0
newtaipei,新北市新店區直潭國民小學,5,0
newtaipei,新北市新店區青潭國民小學,10,0
newtaipei,新北市新店區雙峰國民小學,22,0
newtaipei,新北市新店區雙城國民小學,10,0
newtaipei,新北市新店區新和國民小學,10,0
newtaipei,新北市新店區北新國民小學,20,0
newtaipei,新北市立丹鳳高級中學,10,0
newtaipei,新北市立新莊國民中學,6,0
newtaipei,新北市立新泰國民中學,10,0
newtaipei,新北市立頭前國民中學,20,0
newtaipei,新北市立中平國民中學,10,0
newtaipei,新北市新莊區新莊國民小學,5,0
newtaipei,新北市新莊區中港國民小學,10,0
newtaipei,新北市新莊區思賢國民小學,6,0
newtaipei,新北市新莊區頭前國民小學,15,0
newtaipei,新北市新莊區光華國民小學,6,0
newtaipei,新北市新莊區昌隆國民小學,30,0
newtaipei,新北市新莊區榮富國民小學,6,0
newtaipei,新北市新莊區裕民國民小學,5,0
newtaipei,新北市新莊區新泰國民小學,8,0
newtaipei,新北市新莊區中信國民小學,10,0
newtaipei,新北市新莊區昌平國民小學,16,0
newtaipei,新北市立瑞芳高級工業職業學校,46,0
newtaipei,新北市立瑞芳國民中學,28,0
newtaipei,新北市瑞芳區義方國民小學,30,0
newtaipei,新北市瑞芳區瑞柑國民小學,15,0
newtaipei,新北市瑞芳區瑞濱國民小學,7,0
newtaipei,新北市瑞芳區瓜山國民小學,13,0
newtaipei,新北市瑞芳區濂洞國民小學,8,0
newtaipei,新北市立猴硐-蒙特梭利實驗小學,10,0
newtaipei,新北市瑞芳區瑞亭國民小學,15,0
newtaipei,新北市私立中華商海,35,0
newtaipei,新北市萬里區萬里國民小學,32,0
newtaipei,新北市萬里區野柳國民小學,12,0
newtaipei,新北市萬里區大坪國民小學,8,0
newtaipei,新北市萬里區崁腳國民小學,14,0
newtaipei,新北市立樹林高級中學,30,0
newtaipei,新北市立柑園國民中學,12,0
newtaipei,新北市立育林國民中學,5,0
newtaipei,新北市立三多國民中學,10,0
newtaipei,新北市樹林區樹林國民小學,6,0
newtaipei,新北市樹林區文林國民小學,10,0
newtaipei,新北市樹林區武林國民小學,18,0
newtaipei,新北市樹林區山佳國民小學,17,0
newtaipei,新北市樹林區柑園國民小學,20,0
newtaipei,新北市樹林區三多國民小學,20,0
newtaipei,新北市樹林區彭福國民小學,10,0
newtaipei,新北市雙溪區上林國民小學,11,0
newtaipei,新北市雙溪區牡丹國民小學,6,0
newtaipei,新北市立三民高級中學,50,0
newtaipei,新北市立鷺江國民中學,30,0
newtaipei,新北市蘆洲區鷺江國民小學,10,0
newtaipei,新北市蘆洲區成功國民小學,6,0
newtaipei,新北市蘆洲區仁愛國民小學,19,0
newtaipei,新北市蘆洲區忠義國民小學,10,0
newtaipei,新北市立鶯歌高級工商職業學校,23,0
newtaipei,新北市立鶯歌國民中學,48,0
newtaipei,新北市鶯歌區鶯歌國民小學,30,0
newtaipei,新北市鶯歌區二橋國民小學,40,0
newtaipei,新北市鶯歌區鳳鳴國民小學,50,0
newtaipei,新北市鶯歌區建國國民小學,35,0
newtaipei,新北市鶯歌區永吉國民小學,10,0
newtaipei,新北市鶯歌區昌福國民小學,30,0
taipei,臺北市立西松高級中學,58,46
taipei,臺北市立中崙高級中學,30,15
taipei,臺北市立民生國民中學,27,28
taipei,臺北市立中山國民中學,0,40
taipei,臺北市立敦化國民中學,15,30
taipei,臺北市松山區民生國民小學,25,30
taipei,臺北市立永春高級中學,10,20
taipei,臺北市立松山高級商業家事職業學校,27,52
taipei,臺北市立松山高級工農職業學校,42,5
taipei,臺北市立永吉國民中學,23,30
taipei,臺北市立瑠公國民中學,30,30
taipei,臺北市立信義國民中學,32,69
taipei,臺北市信義區永春國民小學,14,20
taipei,臺北市信義區光復國民小學,20,30
taipei,臺北市信義區三興國民小學,14,20
taipei,臺北市立大安高級工業職業學校,124,72
taipei,臺北市立大安國民中學,35,26
taipei,臺北市芳和實驗國民中學,36,65
taipei,臺北市立金華國民中學,55,70
taipei,臺北市民族實驗國民中學,16,23
taipei,臺北市大安區龍安國民小學,18,10
taipei,臺北市大安區幸安國民小學,19,20
taipei,臺北市大安區建安國民小學,30,0
taipei,臺北市大安區仁愛國民小學,20,20
taipei,臺北市大安區古亭國民小學,29,19
taipei,臺北市立中山女子高級中學,15,10
taipei,臺北市立大同高級中學,63,50
taipei,臺北市立北安國民中學,49,38
taipei,臺北市立新興國民中學,22,12
taipei,臺北市中山區中正國民小學,22,10
taipei,臺北市立建國高級中學,30,30
taipei,臺北市立螢橋國民中學,32,15
taipei,臺北市立南門國民中學,20,50
taipei,臺北市立弘道國民中學,26,40
taipei,臺北市中正區螢橋國民小學,28,30
taipei,臺北市中正區東門國民小學,43,30
taipei,臺北市立明倫高級中學,2,0
taipei,臺北市立成淵高級中學,6,46
taipei,臺北市立忠孝國民中學,22,33
taipei,臺北市立民權國民中學,20,25
taipei,臺北市立蘭州國民中學,18,0
taipei,臺北市立重慶國民中學,25,45
taipei,臺北市大同區太平國民小學,8,18
taipei,臺北市大同區大同國民小學,23,15
taipei,臺北市大同區大橋國民小學,24,18
taipei,臺北市立華江高級中學,64,30
taipei,臺北市立大理高級中學,38,50
taipei,臺北市立龍山國民中學,24,35
taipei,臺北市萬華區西門國民小學,30,20
taipei,臺北市萬華區龍山國民小學,30,22
taipei,臺北市立萬芳高級中學,72,91
taipei,臺北市立木柵高級工業職業學校,80,0
taipei,臺北市立木柵國民中學,30,30
taipei,臺北市立北政國民中學,20,10
taipei,臺北市立興福國民中學,27,60
taipei,臺北市文山區興華國民小學,14,10
taipei,臺北市立南港高級工業職業學校,156,87
taipei,臺北市立成德國民中學,41,60
taipei,臺北市立麗山高級中學,80,60
taipei,臺北市立內湖高級工業職業學校,44,60
taipei,臺北市立內湖國民中學,65,30
taipei,臺北市立麗山國民中學,50,52
taipei,臺北市立三民國民中學,60,40
taipei,臺北市立西湖國民中學,28,35
taipei,臺北市內湖區碧湖國民小學,33,30
taipei,臺北市內湖區康寧國民小學,15,20
taipei,臺北市立陽明高級中學,55,60
taipei,臺北市立士林高級商業職業學校,49,96
taipei,臺北市立士林國民中學,17,10
taipei,臺北市立蘭雅國民中學,30,35
taipei,臺北市立至善國民中學,22,20
taipei,臺北市立格致國民中學,19,10
taipei,臺北市立天母國民中學,43,0
taipei,臺北市士林區社子國民小學,35,30
taipei,臺北市士林區富安國民小學,12,12
taipei,臺北市立中正高級中學,80,72
taipei,臺北市立新民國民中學,30,50
taipei,臺北市立明德國民中學,4,5
taipei,臺北市立桃源國民中學,43,15
taipei,臺北市立石牌國民中學,41,40
taipei,臺北市北投區石牌國民小學,23,30
taipei,臺北市北投區桃源國民小學,18,19
